timestamp,aqi,co,no,no2,o3,so2,pm2_5,pm10,nh3,type,source,city,dew,h,p,pm25,t,w,pollutant,min,max
2025-02-16 00:00:00,54,,,,,,,,,forecast_pm10,AQICN,Lahore,,,,,,,pm10,44.0,58.0
2025-02-16 00:00:00,4,,,,,,,,,forecast_o3,AQICN,Lahore,,,,,,,o3,1.0,30.0
2025-02-16 00:00:00,150,,,,,,,,,forecast_pm25,AQICN,Lahore,,,,,,,pm25,103.0,159.0
2025-02-16 00:00:00,1,,,,,,,,,forecast_uvi,AQICN,Lahore,,,,,,,uvi,0.0,4.0
2025-02-17 00:00:00,4,,,,,,,,,forecast_o3,AQICN,Lahore,,,,,,,o3,1.0,35.0
2025-02-17 00:00:00,56,,,,,,,,,forecast_pm10,AQICN,Lahore,,,,,,,pm10,46.0,72.0
2025-02-17 00:00:00,151,,,,,,,,,forecast_pm25,AQICN,Lahore,,,,,,,pm25,138.0,165.0
2025-02-17 00:00:00,1,,,,,,,,,forecast_uvi,AQICN,Lahore,,,,,,,uvi,0.0,4.0
2025-02-18 00:00:00,5,,,,,,,,,forecast_o3,AQICN,Lahore,,,,,,,o3,1.0,41.0
2025-02-18 00:00:00,47,,,,,,,,,forecast_pm10,AQICN,Lahore,,,,,,,pm10,28.0,58.0
2025-02-18 00:00:00,134,,,,,,,,,forecast_pm25,AQICN,Lahore,,,,,,,pm25,81.0,159.0
2025-02-18 00:00:00,1,,,,,,,,,forecast_uvi,AQICN,Lahore,,,,,,,uvi,0.0,4.0
2025-02-18 18:00:00,34,,,,,,,,,current,AQICN,Lahore,7.0,32.0,1014.0,34.0,24.5,3.0,,,
2025-02-19 00:00:00,51,,,,,,,,,forecast_pm10,AQICN,Lahore,,,,,,,pm10,46.0,58.0
2025-02-19 00:00:00,1,,,,,,,,,forecast_uvi,AQICN,Lahore,,,,,,,uvi,0.0,3.0
2025-02-19 00:00:00,4,,,,,,,,,forecast_o3,AQICN,Lahore,,,,,,,o3,1.0,41.0
2025-02-19 00:00:00,125,,,,,,,,,forecast_pm25,AQICN,Lahore,,,,,,,pm25,89.0,142.0
2025-02-20 00:00:00,150,,,,,,,,,forecast_pm25,AQICN,Lahore,,,,,,,pm25,138.0,159.0
2025-02-20 00:00:00,70,,,,,,,,,forecast_pm10,AQICN,Lahore,,,,,,,pm10,57.0,123.0
2025-02-20 00:00:00,0,,,,,,,,,forecast_uvi,AQICN,Lahore,,,,,,,uvi,0.0,1.0
2025-02-20 00:00:00,7,,,,,,,,,forecast_o3,AQICN,Lahore,,,,,,,o3,1.0,18.0
2025-02-21 00:00:00,66,,,,,,,,,forecast_pm10,AQICN,Lahore,,,,,,,pm10,49.0,77.0
2025-02-21 00:00:00,152,,,,,,,,,forecast_pm25,AQICN,Lahore,,,,,,,pm25,138.0,169.0
2025-02-21 00:00:00,1,,,,,,,,,forecast_uvi,AQICN,Lahore,,,,,,,uvi,0.0,5.0
2025-02-21 00:00:00,4,,,,,,,,,forecast_o3,AQICN,Lahore,,,,,,,o3,1.0,39.0
2025-02-22 00:00:00,56,,,,,,,,,forecast_pm10,AQICN,Lahore,,,,,,,pm10,46.0,73.0
2025-02-22 00:00:00,136,,,,,,,,,forecast_pm25,AQICN,Lahore,,,,,,,pm25,89.0,159.0
2025-02-22 00:00:00,1,,,,,,,,,forecast_o3,AQICN,Lahore,,,,,,,o3,1.0,8.0
2025-02-22 00:00:00,1,,,,,,,,,forecast_uvi,AQICN,Lahore,,,,,,,uvi,0.0,5.0
2025-02-23 00:00:00,0,,,,,,,,,forecast_uvi,AQICN,Lahore,,,,,,,uvi,0.0,0.0
2025-02-23 00:00:00,148,,,,,,,,,forecast_pm25,AQICN,Lahore,,,,,,,pm25,133.0,160.0
2025-02-23 00:00:00,59,,,,,,,,,forecast_pm10,AQICN,Lahore,,,,,,,pm10,46.0,73.0
2025-02-24 00:00:00,69,,,,,,,,,forecast_pm10,AQICN,Lahore,,,,,,,pm10,46.0,73.0
2025-02-24 00:00:00,168,,,,,,,,,forecast_pm25,AQICN,Lahore,,,,,,,pm25,130.0,174.0
2025-10-13 22:00:00,5,576.61,0.0,8.86,60.57,3.9,81.34,126.75,17.76,history,OpenWeather,Lahore,,,,,,,,,
2025-10-13 23:00:00,5,568.88,0.0,8.2,55.5,3.52,81.88,125.31,15.68,history,OpenWeather,Lahore,,,,,,,,,
2025-10-14 00:00:00,5,564.3,0.0,7.84,49.86,3.14,81.78,123.64,13.29,history,OpenWeather,Lahore,,,,,,,,,
2025-10-14 01:00:00,5,558.14,0.0,7.74,43.99,2.91,80.35,120.98,10.94,history,OpenWeather,Lahore,,,,,,,,,
2025-10-14 02:00:00,5,580.0,0.06,8.61,38.31,3.25,78.67,120.58,9.82,history,OpenWeather,Lahore,,,,,,,,,
2025-10-14 03:00:00,5,615.4,1.06,8.96,39.73,4.5,77.29,122.27,9.41,history,OpenWeather,Lahore,,,,,,,,,
2025-10-14 04:00:00,4,603.69,1.65,7.89,58.32,7.52,74.95,124.15,8.86,history,OpenWeather,Lahore,,,,,,,,,
2025-10-14 05:00:00,4,591.38,1.53,6.95,76.05,8.31,72.74,123.88,9.01,history,OpenWeather,Lahore,,,,,,,,,
2025-10-14 06:00:00,5,567.51,0.95,5.37,102.1,8.57,78.61,133.31,8.41,history,OpenWeather,Lahore,,,,,,,,,
2025-10-14 07:00:00,4,268.6,0.29,2.23,152.61,14.17,55.71,120.84,2.28,history,OpenWeather,Lahore,,,,,,,,,
2025-10-14 08:00:00,4,222.57,0.19,1.61,157.32,11.41,49.79,108.99,1.56,history,OpenWeather,Lahore,,,,,,,,,
2025-10-14 09:00:00,4,216.72,0.17,1.58,160.11,10.19,48.74,105.63,1.54,history,OpenWeather,Lahore,,,,,,,,,
2025-10-14 10:00:00,4,253.17,0.31,3.07,145.35,8.88,50.6,106.46,3.69,history,OpenWeather,Lahore,,,,,,,,,
2025-10-14 11:00:00,4,322.07,0.46,5.86,121.25,7.3,53.57,109.03,6.81,history,OpenWeather,Lahore,,,,,,,,,
2025-10-14 12:00:00,4,399.43,0.27,9.95,99.84,5.99,55.74,111.09,9.33,history,OpenWeather,Lahore,,,,,,,,,
2025-10-14 13:00:00,4,473.95,0.01,13.57,81.23,4.97,57.16,112.09,11.42,history,OpenWeather,Lahore,,,,,,,,,
2025-10-14 14:00:00,4,529.17,0.0,14.89,69.25,4.21,58.89,113.18,12.3,history,OpenWeather,Lahore,,,,,,,,,
2025-10-14 15:00:00,4,561.44,0.0,15.0,63.13,3.73,60.44,113.22,12.87,history,OpenWeather,Lahore,,,,,,,,,
2025-10-14 16:00:00,4,558.94,0.0,14.12,60.11,3.44,60.01,109.08,13.02,history,OpenWeather,Lahore,,,,,,,,,
2025-10-14 17:00:00,4,562.77,0.0,13.56,59.96,3.55,60.64,107.33,13.21,history,OpenWeather,Lahore,,,,,,,,,
2025-10-14 18:00:00,4,556.46,0.0,12.94,60.93,3.84,61.41,105.76,13.08,history,OpenWeather,Lahore,,,,,,,,,
2025-10-14 19:00:00,4,534.22,0.0,11.91,61.07,3.97,61.27,102.25,12.5,history,OpenWeather,Lahore,,,,,,,,,
2025-10-14 20:00:00,4,518.79,0.0,10.85,58.93,3.79,61.86,100.21,12.22,history,OpenWeather,Lahore,,,,,,,,,
2025-10-14 21:00:00,4,506.1,0.0,9.74,56.34,3.54,63.47,100.18,11.76,history,OpenWeather,Lahore,,,,,,,,,
2025-10-14 22:00:00,4,494.91,0.0,8.79,52.72,3.15,64.5,99.81,10.84,history,OpenWeather,Lahore,,,,,,,,,
2025-10-14 23:00:00,4,491.22,0.0,8.18,48.4,2.69,65.55,99.91,10.26,history,OpenWeather,Lahore,,,,,,,,,
2025-10-15 00:00:00,4,491.41,0.0,7.89,44.02,2.29,66.16,100.13,9.8,history,OpenWeather,Lahore,,,,,,,,,
2025-10-15 01:00:00,4,493.23,0.0,7.78,42.37,2.21,63.49,100.82,9.73,history,OpenWeather,Lahore,,,,,,,,,
2025-10-15 02:00:00,4,520.38,0.05,8.67,38.48,2.61,63.68,104.67,9.97,history,OpenWeather,Lahore,,,,,,,,,
2025-10-15 03:00:00,4,557.58,0.96,9.07,40.41,3.39,64.33,110.46,9.98,history,OpenWeather,Lahore,,,,,,,,,
2025-10-15 04:00:00,4,553.5,1.68,7.96,55.55,4.62,64.5,115.19,9.44,history,OpenWeather,Lahore,,,,,,,,,
2025-10-15 05:00:00,4,557.91,1.7,7.22,71.12,4.88,66.75,118.63,9.25,history,OpenWeather,Lahore,,,,,,,,,
2025-10-15 06:00:00,4,538.79,1.1,5.76,97.52,5.35,72.46,125.62,8.75,history,OpenWeather,Lahore,,,,,,,,,
2025-10-15 07:00:00,4,250.34,0.27,2.1,151.93,10.84,51.58,114.76,2.59,history,OpenWeather,Lahore,,,,,,,,,
2025-10-15 08:00:00,4,213.51,0.17,1.4,155.81,9.18,47.67,106.51,1.88,history,OpenWeather,Lahore,,,,,,,,,
2025-10-15 09:00:00,4,210.27,0.14,1.33,156.71,8.36,47.09,102.1,1.9,history,OpenWeather,Lahore,,,,,,,,,
2025-10-15 10:00:00,4,246.54,0.26,2.74,143.78,7.51,49.08,101.62,4.09,history,OpenWeather,Lahore,,,,,,,,,
2025-10-15 11:00:00,4,311.98,0.38,5.37,122.95,6.44,52.11,102.92,7.19,history,OpenWeather,Lahore,,,,,,,,,
2025-10-15 12:00:00,4,382.65,0.2,9.03,104.24,5.55,54.46,103.77,9.46,history,OpenWeather,Lahore,,,,,,,,,
2025-10-15 13:00:00,4,455.95,0.01,12.4,87.94,5.02,56.35,104.07,11.75,history,OpenWeather,Lahore,,,,,,,,,
2025-10-15 14:00:00,4,525.18,0.0,14.35,78.37,5.07,59.1,106.56,14.58,history,OpenWeather,Lahore,,,,,,,,,
2025-10-15 15:00:00,4,579.91,0.0,15.08,73.77,5.38,62.08,109.84,17.52,history,OpenWeather,Lahore,,,,,,,,,
2025-10-15 16:00:00,4,607.97,0.0,14.78,70.86,5.67,64.87,111.64,19.66,history,OpenWeather,Lahore,,,,,,,,,
2025-10-15 17:00:00,4,633.71,0.0,14.37,68.44,5.85,68.03,114.47,21.19,history,OpenWeather,Lahore,,,,,,,,,
2025-10-15 18:00:00,4,650.26,0.0,13.91,64.85,5.53,70.8,116.52,21.34,history,OpenWeather,Lahore,,,,,,,,,
2025-10-15 19:00:00,4,641.38,0.0,12.95,60.01,4.5,71.61,115.03,19.26,history,OpenWeather,Lahore,,,,,,,,,
2025-10-15 20:00:00,4,630.01,0.0,11.78,56.21,3.8,72.44,114.11,18.3,history,OpenWeather,Lahore,,,,,,,,,
2025-10-15 21:00:00,4,629.31,0.0,10.83,52.62,3.45,74.53,115.18,18.4,history,OpenWeather,Lahore,,,,,,,,,
2025-10-15 22:00:00,5,638.72,0.0,10.24,48.98,3.3,76.81,116.94,19.34,history,OpenWeather,Lahore,,,,,,,,,
2025-10-15 23:00:00,5,655.47,0.0,9.97,45.25,3.2,79.69,120.01,20.31,history,OpenWeather,Lahore,,,,,,,,,
2025-10-16 00:00:00,5,671.33,0.0,9.91,41.29,3.11,82.09,122.92,21.12,history,OpenWeather,Lahore,,,,,,,,,
2025-10-16 01:00:00,5,683.39,0.0,9.92,36.8,2.99,83.2,124.77,20.71,history,OpenWeather,Lahore,,,,,,,,,
2025-10-16 02:00:00,5,722.02,0.05,10.84,31.56,2.94,84.49,128.68,18.08,history,OpenWeather,Lahore,,,,,,,,,
2025-10-16 03:00:00,5,783.69,1.09,11.59,31.54,3.28,85.72,133.16,15.55,history,OpenWeather,Lahore,,,,,,,,,
2025-10-16 04:00:00,5,794.08,2.18,10.47,45.88,4.2,84.64,133.56,13.51,history,OpenWeather,Lahore,,,,,,,,,
2025-10-16 05:00:00,5,771.48,1.9,9.02,67.66,4.75,83.25,131.65,13.11,history,OpenWeather,Lahore,,,,,,,,,
2025-10-16 06:00:00,5,751.2,1.11,6.97,101.2,5.42,89.61,137.24,12.81,history,OpenWeather,Lahore,,,,,,,,,
2025-10-16 07:00:00,4,358.47,0.2,1.97,165.47,14.56,67.87,107.06,3.73,history,OpenWeather,Lahore,,,,,,,,,
2025-10-16 08:00:00,4,313.69,0.13,1.36,168.37,12.06,66.27,103.96,2.72,history,OpenWeather,Lahore,,,,,,,,,
2025-10-16 09:00:00,4,312.51,0.12,1.41,168.87,11.06,67.56,105.21,2.76,history,OpenWeather,Lahore,,,,,,,,,
2025-10-16 10:00:00,4,356.61,0.25,3.21,152.45,9.67,71.18,109.6,5.05,history,OpenWeather,Lahore,,,,,,,,,
2025-10-16 11:00:00,5,433.65,0.36,6.56,130.66,8.25,75.45,115.24,8.97,history,OpenWeather,Lahore,,,,,,,,,
2025-10-16 12:00:00,5,518.66,0.16,11.27,116.39,7.87,78.82,120.35,13.29,history,OpenWeather,Lahore,,,,,,,,,
2025-10-16 13:00:00,5,607.5,0.0,15.38,105.42,8.08,82.06,125.66,18.06,history,OpenWeather,Lahore,,,,,,,,,
2025-10-16 14:00:00,5,686.4,0.0,17.38,97.51,8.45,86.95,133.56,22.15,history,OpenWeather,Lahore,,,,,,,,,
2025-10-16 15:00:00,5,747.94,0.0,17.72,91.35,8.7,92.73,142.29,25.24,history,OpenWeather,Lahore,,,,,,,,,
2025-10-16 16:00:00,5,774.91,0.0,16.58,86.34,8.71,96.35,147.17,27.02,history,OpenWeather,Lahore,,,,,,,,,
2025-10-16 17:00:00,5,792.14,0.0,15.21,83.88,8.7,100.95,152.94,27.72,history,OpenWeather,Lahore,,,,,,,,,
2025-10-16 18:00:00,5,794.14,0.0,13.83,81.86,8.1,104.5,156.45,25.92,history,OpenWeather,Lahore,,,,,,,,,
2025-10-16 19:00:00,5,763.87,0.0,12.01,79.1,6.42,104.65,154.24,20.83,history,OpenWeather,Lahore,,,,,,,,,
2025-10-16 20:00:00,5,733.51,0.0,10.17,77.69,5.43,105.0,152.85,18.22,history,OpenWeather,Lahore,,,,,,,,,
2025-10-16 21:00:00,5,714.69,0.0,8.69,75.07,4.76,106.85,153.88,17.01,history,OpenWeather,Lahore,,,,,,,,,
2025-10-16 22:00:00,5,708.07,0.0,7.72,69.43,4.04,109.4,156.02,15.94,history,OpenWeather,Lahore,,,,,,,,,
2025-10-16 23:00:00,5,715.82,0.0,7.22,63.26,3.45,112.63,159.28,15.01,history,OpenWeather,Lahore,,,,,,,,,
2025-10-17 00:00:00,5,731.79,0.0,7.11,57.46,3.06,115.76,162.32,14.4,history,OpenWeather,Lahore,,,,,,,,,
2025-10-17 01:00:00,5,751.37,0.0,7.32,50.74,2.76,116.7,163.06,13.42,history,OpenWeather,Lahore,,,,,,,,,
2025-10-17 02:00:00,5,800.2,0.02,8.68,43.11,2.64,116.96,164.86,11.84,history,OpenWeather,Lahore,,,,,,,,,
2025-10-17 03:00:00,5,863.58,0.66,10.36,41.22,2.85,116.24,166.33,10.89,history,OpenWeather,Lahore,,,,,,,,,
2025-10-17 04:00:00,5,860.89,1.48,9.61,56.92,3.56,110.72,161.58,10.65,history,OpenWeather,Lahore,,,,,,,,,
2025-10-17 05:00:00,5,827.38,1.4,8.04,79.02,4.09,106.24,156.48,10.97,history,OpenWeather,Lahore,,,,,,,,,
2025-10-17 06:00:00,5,801.15,0.88,6.17,110.13,4.77,112.6,162.62,10.45,history,OpenWeather,Lahore,,,,,,,,,
2025-10-17 07:00:00,5,419.0,0.17,1.77,173.17,11.42,83.17,123.54,3.85,history,OpenWeather,Lahore,,,,,,,,,
2025-10-17 08:00:00,4,355.2,0.13,1.35,173.21,9.95,73.88,109.43,3.14,history,OpenWeather,Lahore,,,,,,,,,
2025-10-17 09:00:00,4,347.79,0.12,1.48,172.86,9.22,71.73,105.74,3.24,history,OpenWeather,Lahore,,,,,,,,,
2025-10-17 10:00:00,4,388.81,0.25,3.25,157.04,8.27,73.99,108.56,5.41,history,OpenWeather,Lahore,,,,,,,,,
2025-10-17 11:00:00,5,463.77,0.35,6.44,133.77,7.01,78.03,114.27,8.59,history,OpenWeather,Lahore,,,,,,,,,
2025-10-17 12:00:00,5,543.96,0.16,10.79,115.61,6.34,81.12,119.17,11.73,history,OpenWeather,Lahore,,,,,,,,,
2025-10-17 13:00:00,5,624.76,0.0,14.62,104.8,6.55,83.89,124.11,15.9,history,OpenWeather,Lahore,,,,,,,,,
2025-10-17 14:00:00,5,697.04,0.0,16.5,99.79,7.06,87.62,130.72,19.57,history,OpenWeather,Lahore,,,,,,,,,
2025-10-17 15:00:00,5,750.28,0.0,16.58,97.87,7.54,92.88,138.8,21.93,history,OpenWeather,Lahore,,,,,,,,,
2025-10-17 16:00:00,5,767.54,0.0,15.3,98.06,7.86,96.43,143.41,23.09,history,OpenWeather,Lahore,,,,,,,,,
2025-10-17 17:00:00,5,781.56,0.0,14.02,100.87,8.23,99.99,147.88,24.05,history,OpenWeather,Lahore,,,,,,,,,
2025-10-17 18:00:00,5,787.97,0.0,13.0,102.78,8.41,102.66,150.48,24.52,history,OpenWeather,Lahore,,,,,,,,,
2025-10-17 19:00:00,5,767.03,0.0,11.58,101.87,8.1,103.36,149.05,24.16,history,OpenWeather,Lahore,,,,,,,,,
2025-10-17 20:00:00,5,742.08,0.0,9.84,101.28,7.81,104.98,148.66,24.63,history,OpenWeather,Lahore,,,,,,,,,
2025-10-17 21:00:00,5,727.29,0.0,8.42,99.86,7.56,107.32,149.73,25.86,history,OpenWeather,Lahore,,,,,,,,,
2025-10-17 22:00:00,5,725.08,0.0,7.56,93.88,6.93,109.82,151.42,26.88,history,OpenWeather,Lahore,,,,,,,,,
2025-10-17 23:00:00,5,735.74,0.0,7.09,84.58,5.81,113.03,154.17,26.14,history,OpenWeather,Lahore,,,,,,,,,
2025-10-18 00:00:00,5,749.74,0.0,6.91,75.62,4.65,115.67,156.14,23.76,history,OpenWeather,Lahore,,,,,,,,,
2025-10-18 01:00:00,5,758.64,0.0,6.88,66.81,3.81,115.82,155.23,21.02,history,OpenWeather,Lahore,,,,,,,,,
2025-10-18 02:00:00,5,788.4,0.02,7.7,57.6,3.46,115.12,155.05,18.93,history,OpenWeather,Lahore,,,,,,,,,
2025-10-18 03:00:00,5,834.19,0.55,8.69,53.58,3.26,113.8,154.91,16.06,history,OpenWeather,Lahore,,,,,,,,,
2025-10-18 04:00:00,5,830.68,1.14,7.73,67.44,3.51,108.45,149.8,13.38,history,OpenWeather,Lahore,,,,,,,,,
2025-10-18 05:00:00,5,799.81,0.97,6.1,89.48,3.86,102.59,143.18,12.62,history,OpenWeather,Lahore,,,,,,,,,
2025-10-18 06:00:00,5,780.55,0.6,4.49,116.85,4.34,105.84,145.97,11.87,history,OpenWeather,Lahore,,,,,,,,,
2025-10-18 07:00:00,4,403.69,0.16,1.6,172.13,11.0,72.49,102.36,4.3,history,OpenWeather,Lahore,,,,,,,,,
2025-10-18 08:00:00,4,318.97,0.12,1.23,170.31,9.59,60.99,84.38,3.01,history,OpenWeather,Lahore,,,,,,,,,
2025-10-18 09:00:00,4,301.12,0.12,1.27,169.17,8.79,57.61,78.79,2.87,history,OpenWeather,Lahore,,,,,,,,,
2025-10-18 10:00:00,4,332.52,0.23,2.74,156.74,7.93,59.11,80.62,5.54,history,OpenWeather,Lahore,,,,,,,,,
2025-10-18 11:00:00,4,393.06,0.31,5.44,144.49,7.33,62.5,85.72,10.3,history,OpenWeather,Lahore,,,,,,,,,
2025-10-18 12:00:00,4,459.74,0.14,9.17,134.09,7.12,65.26,90.23,14.9,history,OpenWeather,Lahore,,,,,,,,,
2025-10-18 13:00:00,4,527.91,0.0,12.13,124.37,7.21,68.3,95.24,19.28,history,OpenWeather,Lahore,,,,,,,,,
2025-10-18 14:00:00,4,585.73,0.0,13.17,118.1,7.36,73.63,102.92,22.19,history,OpenWeather,Lahore,,,,,,,,,
2025-10-18 15:00:00,5,626.98,0.0,12.85,113.37,7.33,78.87,110.29,23.79,history,OpenWeather,Lahore,,,,,,,,,
2025-10-18 16:00:00,5,638.5,0.0,11.49,105.28,6.61,81.26,113.41,22.44,history,OpenWeather,Lahore,,,,,,,,,
2025-10-18 17:00:00,5,646.72,0.0,10.34,102.18,6.34,83.8,116.49,21.89,history,OpenWeather,Lahore,,,,,,,,,
2025-10-18 18:00:00,5,646.85,0.0,9.44,102.02,6.26,85.97,118.47,21.76,history,OpenWeather,Lahore,,,,,,,,,
2025-10-18 19:00:00,5,625.46,0.0,8.3,102.3,6.08,86.44,117.25,21.29,history,OpenWeather,Lahore,,,,,,,,,
2025-10-18 20:00:00,5,608.09,0.0,7.08,102.85,5.97,87.83,117.42,21.11,history,OpenWeather,Lahore,,,,,,,,,
2025-10-18 21:00:00,5,598.82,0.0,6.07,102.38,5.9,89.97,119.01,21.19,history,OpenWeather,Lahore,,,,,,,,,
2025-10-18 21:00:00,5,598.82,0.0,6.07,102.38,5.9,89.97,119.01,21.19,forecast,OpenWeather,Lahore,,,,,,,,,
2025-10-18 21:08:26,5,598.82,0.0,6.07,102.38,5.9,89.97,119.01,21.19,current,OpenWeather,Lahore,,,,,,,,,
2025-10-18 22:00:00,5,595.25,0.0,5.38,100.03,5.76,92.3,121.19,21.32,forecast,OpenWeather,Lahore,,,,,,,,,
2025-10-18 23:00:00,5,601.37,0.0,5.03,94.03,5.28,95.28,124.48,21.12,forecast,OpenWeather,Lahore,,,,,,,,,
2025-10-19 00:00:00,5,615.02,0.0,5.02,83.94,4.39,98.29,128.0,20.11,forecast,OpenWeather,Lahore,,,,,,,,,
2025-10-19 01:00:00,5,634.06,0.0,5.3,69.71,3.24,99.84,130.23,17.2,forecast,OpenWeather,Lahore,,,,,,,,,
2025-10-19 02:00:00,5,679.11,0.02,6.51,55.49,2.58,101.45,133.96,14.47,forecast,OpenWeather,Lahore,,,,,,,,,
2025-10-19 03:00:00,5,739.19,0.57,7.81,48.37,2.55,102.84,137.81,13.02,forecast,OpenWeather,Lahore,,,,,,,,,
2025-10-19 04:00:00,5,754.65,1.28,7.12,57.39,2.95,101.65,137.6,12.02,forecast,OpenWeather,Lahore,,,,,,,,,
2025-10-19 05:00:00,5,746.9,1.11,5.87,77.22,3.32,99.46,135.15,11.91,forecast,OpenWeather,Lahore,,,,,,,,,
2025-10-19 06:00:00,5,737.79,0.66,4.44,106.31,3.95,102.11,137.42,11.78,forecast,OpenWeather,Lahore,,,,,,,,,
2025-10-19 07:00:00,4,364.16,0.14,1.42,165.87,10.7,61.05,81.68,4.06,forecast,OpenWeather,Lahore,,,,,,,,,
2025-10-19 08:00:00,4,269.68,0.11,1.03,158.06,7.87,46.23,60.84,2.65,forecast,OpenWeather,Lahore,,,,,,,,,
2025-10-19 09:00:00,4,249.45,0.11,1.07,154.49,6.7,41.86,54.5,2.51,forecast,OpenWeather,Lahore,,,,,,,,,
2025-10-19 10:00:00,3,277.92,0.21,2.37,139.96,5.84,42.63,55.76,4.63,forecast,OpenWeather,Lahore,,,,,,,,,
2025-10-19 11:00:00,3,333.12,0.3,4.67,119.18,4.93,45.31,60.19,7.7,forecast,OpenWeather,Lahore,,,,,,,,,
2025-10-19 12:00:00,3,392.43,0.14,7.83,102.57,4.34,47.36,63.97,10.35,forecast,OpenWeather,Lahore,,,,,,,,,
2025-10-19 13:00:00,3,449.78,0.0,10.5,90.73,4.22,49.03,67.35,13.29,forecast,OpenWeather,Lahore,,,,,,,,,
2025-10-19 14:00:00,4,500.55,0.0,11.69,84.05,4.34,51.31,71.66,15.81,forecast,OpenWeather,Lahore,,,,,,,,,
2025-10-19 15:00:00,4,539.98,0.0,11.88,80.56,4.54,53.79,76.13,17.93,forecast,OpenWeather,Lahore,,,,,,,,,
2025-10-19 16:00:00,4,557.45,0.0,11.3,79.93,4.87,55.77,78.96,19.82,forecast,OpenWeather,Lahore,,,,,,,,,
2025-10-19 17:00:00,4,573.1,0.0,10.67,83.14,5.41,58.6,82.34,21.68,forecast,OpenWeather,Lahore,,,,,,,,,
2025-10-19 18:00:00,4,578.93,0.0,9.97,86.95,5.86,61.12,84.57,22.72,forecast,OpenWeather,Lahore,,,,,,,,,
2025-10-19 19:00:00,4,564.43,0.0,8.84,90.33,6.05,61.99,83.71,22.87,forecast,OpenWeather,Lahore,,,,,,,,,
2025-10-19 20:00:00,4,556.04,0.0,7.82,92.27,6.27,63.25,83.8,23.29,forecast,OpenWeather,Lahore,,,,,,,,,
2025-10-19 21:00:00,4,559.74,0.0,7.06,92.03,6.52,65.21,85.39,24.14,forecast,OpenWeather,Lahore,,,,,,,,,
2025-10-19 22:00:00,4,575.2,0.0,6.69,88.53,6.55,67.89,88.3,25.06,forecast,OpenWeather,Lahore,,,,,,,,,
2025-10-19 23:00:00,4,603.7,0.0,6.71,82.09,6.29,71.53,92.67,25.79,forecast,OpenWeather,Lahore,,,,,,,,,
2025-10-20 00:00:00,5,638.61,0.0,7.03,71.95,5.5,75.45,97.47,25.04,forecast,OpenWeather,Lahore,,,,,,,,,
2025-10-20 01:00:00,5,673.12,0.0,7.49,55.28,3.22,77.85,100.75,15.82,forecast,OpenWeather,Lahore,,,,,,,,,
2025-10-20 02:00:00,5,739.28,0.02,9.08,42.2,2.52,80.64,106.54,13.33,forecast,OpenWeather,Lahore,,,,,,,,,
2025-10-20 03:00:00,5,818.98,0.79,10.64,37.63,2.8,83.71,113.2,13.42,forecast,OpenWeather,Lahore,,,,,,,,,
2025-10-20 04:00:00,5,833.42,1.66,9.56,51.83,3.68,84.71,115.79,13.15,forecast,OpenWeather,Lahore,,,,,,,,,
2025-10-20 05:00:00,5,822.9,1.52,8.13,72.52,3.98,85.33,116.36,12.84,forecast,OpenWeather,Lahore,,,,,,,,,
2025-10-20 06:00:00,5,808.3,0.91,6.16,104.62,4.55,89.0,119.66,12.9,forecast,OpenWeather,Lahore,,,,,,,,,
2025-10-20 07:00:00,4,372.5,0.18,1.92,168.37,15.27,58.68,78.66,4.31,forecast,OpenWeather,Lahore,,,,,,,,,
2025-10-20 08:00:00,4,293.21,0.13,1.33,165.37,11.55,50.85,67.69,2.92,forecast,OpenWeather,Lahore,,,,,,,,,
2025-10-20 09:00:00,4,278.42,0.12,1.35,163.69,9.96,48.72,64.66,2.78,forecast,OpenWeather,Lahore,,,,,,,,,
2025-10-20 10:00:00,4,312.52,0.22,2.9,149.03,8.74,50.42,67.44,4.92,forecast,OpenWeather,Lahore,,,,,,,,,
2025-10-20 11:00:00,4,378.53,0.28,5.69,128.44,7.52,53.61,72.92,8.3,forecast,OpenWeather,Lahore,,,,,,,,,
2025-10-20 12:00:00,4,449.86,0.11,9.5,114.71,7.09,56.22,77.85,12.19,forecast,OpenWeather,Lahore,,,,,,,,,
2025-10-20 13:00:00,4,521.6,0.0,12.8,107.14,7.53,58.54,82.54,17.07,forecast,OpenWeather,Lahore,,,,,,,,,
2025-10-20 14:00:00,4,585.86,0.0,14.53,103.74,8.26,61.52,88.2,21.55,forecast,OpenWeather,Lahore,,,,,,,,,
2025-10-20 15:00:00,4,636.44,0.0,14.79,102.22,8.98,66.14,95.19,24.89,forecast,OpenWeather,Lahore,,,,,,,,,
2025-10-20 16:00:00,4,658.65,0.0,14.01,101.06,9.47,70.06,100.03,26.93,forecast,OpenWeather,Lahore,,,,,,,,,
2025-10-20 17:00:00,4,685.62,0.0,13.52,101.16,10.11,74.23,105.27,29.17,forecast,OpenWeather,Lahore,,,,,,,,,
2025-10-20 18:00:00,5,715.47,0.0,13.39,100.14,10.63,78.22,110.13,31.73,forecast,OpenWeather,Lahore,,,,,,,,,
2025-10-20 19:00:00,5,729.69,0.0,12.83,95.15,10.37,81.3,112.54,32.98,forecast,OpenWeather,Lahore,,,,,,,,,
2025-10-20 20:00:00,5,755.92,0.0,12.04,84.69,8.9,86.05,116.82,31.9,forecast,OpenWeather,Lahore,,,,,,,,,
2025-10-20 21:00:00,5,809.24,0.0,11.65,70.18,6.45,92.27,122.92,27.47,forecast,OpenWeather,Lahore,,,,,,,,,
2025-10-20 22:00:00,5,868.88,0.0,11.73,55.06,3.96,97.16,127.51,20.6,forecast,OpenWeather,Lahore,,,,,,,,,
2025-10-20 23:00:00,5,922.74,0.0,11.85,44.83,2.8,101.27,132.14,17.5,forecast,OpenWeather,Lahore,,,,,,,,,
2025-10-21 00:00:00,5,957.93,0.0,11.82,38.01,2.24,104.35,135.74,15.6,forecast,OpenWeather,Lahore,,,,,,,,,
2025-10-21 01:00:00,5,986.12,0.0,11.82,32.44,2.01,106.08,138.17,14.58,forecast,OpenWeather,Lahore,,,,,,,,,
2025-10-21 02:00:00,5,1040.57,0.04,12.77,27.41,2.23,108.12,142.47,14.53,forecast,OpenWeather,Lahore,,,,,,,,,
2025-10-21 03:00:00,5,1109.71,1.0,13.43,28.32,2.79,109.91,147.07,14.45,forecast,OpenWeather,Lahore,,,,,,,,,
2025-10-21 04:00:00,5,1095.39,2.0,11.63,45.92,4.03,107.79,145.89,13.45,forecast,OpenWeather,Lahore,,,,,,,,,
2025-10-21 05:00:00,5,1062.55,1.68,9.93,70.21,4.71,106.2,144.15,12.91,forecast,OpenWeather,Lahore,,,,,,,,,
2025-10-21 06:00:00,5,1054.48,0.99,7.94,105.76,5.39,110.85,149.16,13.34,forecast,OpenWeather,Lahore,,,,,,,,,
2025-10-21 07:00:00,4,406.74,0.19,2.2,164.17,15.54,66.09,94.53,4.27,forecast,OpenWeather,Lahore,,,,,,,,,
2025-10-21 08:00:00,4,318.3,0.12,1.47,163.89,12.13,59.99,84.77,2.85,forecast,OpenWeather,Lahore,,,,,,,,,
2025-10-21 09:00:00,4,303.96,0.1,1.51,162.49,10.7,58.44,82.13,2.72,forecast,OpenWeather,Lahore,,,,,,,,,
2025-10-21 10:00:00,4,347.69,0.2,3.62,143.99,9.39,60.65,85.61,5.14,forecast,OpenWeather,Lahore,,,,,,,,,
2025-10-21 11:00:00,4,427.38,0.26,7.19,118.24,7.93,64.43,91.88,8.53,forecast,OpenWeather,Lahore,,,,,,,,,
2025-10-21 12:00:00,4,510.44,0.1,11.52,98.65,6.88,67.48,97.41,11.39,forecast,OpenWeather,Lahore,,,,,,,,,
2025-10-21 13:00:00,4,588.98,0.0,15.0,84.8,6.43,70.06,102.7,14.28,forecast,OpenWeather,Lahore,,,,,,,,,
2025-10-21 14:00:00,4,655.2,0.0,16.52,77.11,6.28,73.11,108.89,16.13,forecast,OpenWeather,Lahore,,,,,,,,,
2025-10-21 15:00:00,5,701.35,0.0,16.45,74.21,6.27,76.13,114.79,17.42,forecast,OpenWeather,Lahore,,,,,,,,,
2025-10-21 16:00:00,5,718.52,0.0,15.25,74.88,6.41,77.81,117.84,18.52,forecast,OpenWeather,Lahore,,,,,,,,,
2025-10-21 17:00:00,5,738.86,0.0,14.42,76.73,6.82,81.49,123.04,20.24,forecast,OpenWeather,Lahore,,,,,,,,,
2025-10-21 18:00:00,5,760.23,0.0,14.09,76.36,6.98,84.92,127.15,21.98,forecast,OpenWeather,Lahore,,,,,,,,,
2025-10-21 19:00:00,5,760.64,0.0,13.37,73.08,6.53,86.6,127.47,22.96,forecast,OpenWeather,Lahore,,,,,,,,,
2025-10-21 20:00:00,5,763.74,0.0,12.39,68.14,5.72,89.11,128.81,23.27,forecast,OpenWeather,Lahore,,,,,,,,,
2025-10-21 21:00:00,5,780.19,0.0,11.71,61.93,4.71,92.48,131.07,22.6,forecast,OpenWeather,Lahore,,,,,,,,,
2025-10-21 22:00:00,5,806.95,0.0,11.58,54.87,3.7,94.61,131.92,21.53,forecast,OpenWeather,Lahore,,,,,,,,,
2025-10-21 23:00:00,5,844.98,0.0,11.73,48.18,3.01,96.81,133.84,20.84,forecast,OpenWeather,Lahore,,,,,,,,,
2025-10-22 00:00:00,5,887.38,0.0,12.11,41.96,2.45,99.06,136.26,19.92,forecast,OpenWeather,Lahore,,,,,,,,,
2025-10-22 01:00:00,5,936.28,0.0,12.74,35.37,2.03,100.31,138.18,18.54,forecast,OpenWeather,Lahore,,,,,,,,,
2025-10-22 02:00:00,5,1008.76,0.04,14.21,29.0,2.11,101.55,142.04,17.73,forecast,OpenWeather,Lahore,,,,,,,,,
2025-10-22 03:00:00,5,1084.71,1.16,14.95,28.25,2.47,102.45,146.77,16.82,forecast,OpenWeather,Lahore,,,,,,,,,
2025-10-22 04:00:00,5,1070.28,2.54,12.86,41.25,2.98,98.83,145.88,14.97,forecast,OpenWeather,Lahore,,,,,,,,,
2025-10-22 05:00:00,5,1031.31,2.33,11.25,63.76,3.37,95.59,144.41,14.04,forecast,OpenWeather,Lahore,,,,,,,,,
2025-10-22 06:00:00,5,994.69,1.4,9.21,100.87,3.85,103.15,154.66,13.08,forecast,OpenWeather,Lahore,,,,,,,,,
2025-10-22 07:00:00,4,373.27,0.2,1.93,156.63,7.41,65.27,107.73,4.01,forecast,OpenWeather,Lahore,,,,,,,,,
2025-10-22 08:00:00,4,292.26,0.12,1.19,156.2,6.31,57.49,91.76,2.88,forecast,OpenWeather,Lahore,,,,,,,,,
2025-10-22 09:00:00,4,277.95,0.11,1.23,155.48,5.88,55.34,86.79,2.78,forecast,OpenWeather,Lahore,,,,,,,,,
2025-10-22 10:00:00,4,316.01,0.24,2.97,140.41,5.5,57.66,89.13,4.88,forecast,OpenWeather,Lahore,,,,,,,,,
2025-10-22 11:00:00,4,389.39,0.34,6.21,118.23,5.01,61.66,94.67,7.97,forecast,OpenWeather,Lahore,,,,,,,,,
2025-10-22 12:00:00,4,469.26,0.14,10.63,100.6,4.64,64.61,99.69,10.73,forecast,OpenWeather,Lahore,,,,,,,,,
2025-10-22 13:00:00,4,556.35,0.0,14.92,86.7,4.55,67.49,105.17,13.84,forecast,OpenWeather,Lahore,,,,,,,,,
2025-10-22 14:00:00,4,648.01,0.0,18.05,74.7,4.48,71.34,112.33,16.18,forecast,OpenWeather,Lahore,,,,,,,,,
2025-10-22 15:00:00,5,733.08,0.0,19.96,64.3,4.34,75.51,119.88,18.03,forecast,OpenWeather,Lahore,,,,,,,,,
2025-10-22 16:00:00,5,790.94,0.0,20.48,55.42,4.05,78.46,124.82,19.12,forecast,OpenWeather,Lahore,,,,,,,,,
2025-10-22 17:00:00,5,847.22,0.0,20.79,49.53,3.89,82.03,130.59,20.45,forecast,OpenWeather,Lahore,,,,,,,,,
2025-10-22 18:00:00,5,895.67,0.0,21.15,44.66,3.68,85.15,134.84,21.7,forecast,OpenWeather,Lahore,,,,,,,,,
2025-10-22 19:00:00,5,908.91,0.0,20.57,39.99,3.15,86.64,134.99,21.68,forecast,OpenWeather,Lahore,,,,,,,,,
2025-10-22 20:00:00,5,916.43,0.0,19.45,36.21,2.6,88.5,135.23,21.12,forecast,OpenWeather,Lahore,,,,,,,,,
